Wall time,Step,Value
1693360935.0609148,0,0.3278714716434479
1693368679.3259485,1,0.5020239949226379
1693376403.6155205,2,0.6479020118713379
1693391570.1957848,3,0.6026293635368347
1693410911.3573728,4,0.642416775226593
1693432993.7113435,5,0.535727322101593
1693458310.017401,6,0.614490270614624
1693483152.834351,7,0.6309453248977661
1693508346.336341,8,0.44038012623786926
1693527550.3220654,9,0.5679001212120056
1693546713.2916784,10,0.6331100463867188
